97944,#brexit,4.1316117,"Eurozone economy to hum along despite Trump and Brexit ECB looks set to extend quantitative easing programme beyond March    Eurozone economic growth will hum along at a modest pace over the coming year despite the US election and Brexit, according to economists in a Reuters poll "
97945,#nzvpak,1.0000006,Man released without charge in relation to Kanturk death Gardaí to prepare file for DPP in connection to death of Finbarr Lehane outside pub     Gardaí are to prepare a file for the Director of Public Prosecutions (DPP) after releasing without charge a man arrested for questioning in connection with a fatal assault in Co Cork last month
97948,#cancer,3.13161111,"Terminally ill British girl wins right to freeze her body: BBC
| Reuters A 14-year old girl who died of cancer has been cryogenically frozen in the hope she could be brought back to life in the future after winning a landmark court case shortly before her death, the BBC reported on Friday.
 LONDON A 14-year old girl who died of cancer has been cryogenically frozen in the hope she could be brought back to life in the future after winning a landmark court case shortly before her death, the BBC reported on Friday"
97949,#news,4.1316117,"UK firms not doing enough on jobs for military veterans Exclusive music news, big interviews, entertainment, social media trends and video from the news people at BBC Radio 1 and 1Xtra.
 
There's a ""big gap"" between the promise and reality for people looking for work after leaving the armed forces, say military charities"
97950,#environment,3.13161111,"Nationwide profits hit by low interest rate environment The Nationwide building society reports a drop in half-year profits as low interest rates squeeze margins.
 
Profits at the UK's biggest building society fell to £696m for the six months to 30 September, down from £802m a year earlier"
97951,#bank,4.1316117,"26 people injured after man sets fire to himself inside Melbourne bank Witness Ashley Atkin-Fone, hailed a hero after running into the bank to help, said he heard “a big blast” and children screaming. 26 PEOPLE HAVE been hurt, some critically, after a man set fire to himself in a busy bank in Australia with one witness saying he heard a “big blast” and children screaming"
97952,#rate,3.13161111,"O'Neill on McClean: He’s a lunatic, but a great lunatic · The42 The Irish manager says the star’s obsessive work rate can sometimes be to the detriment of his wellbeing."
97955,#uk,4.1316117,"Deloitte chairman says will continue to invest 'hugely' in UK Deloitte will continue to invest in Britain and has no plans to withdraw, its global chairman told Reuters on Thursday, following media reports that the consultancy firm might move work ""We still have a very big base in the UK and we're very proud of our UK heritage,"" said David Cruickshank, talking on the sidelines of the annual APEC forum of Pacific Rim economies in Peru"
97956,#brexit,4.1316117,"Merkel to meet May for Brexit talks in Berlin German Chancellor Angela Merkel will hold talks with the British Prime Minister Theresa May in Berlin today following an informal summit with the leaders of France, Spain, Italy and the outgoing US president Barak Obama. President Obama is on a final, wistful visit to Germany before his eight year period in office comes to a close"
97957,#trump,4.1316117,"US job searches to Ireland treble after Trump win Irish-based job searches out of the US almost trebled in the immediate aftermath of Donald Trump election victory, according to jobs website Indeed. Ireland saw the third biggest surge, increasing 191%; Canada was in second place rising 237%; and New Zealand showed the biggest increase of 405%"
97958,#world,4.1316117,"Rory McIlroy fights back with 68 in Dubai The defending champion still has work to do after a first round 75 left him a long way back     World number two Rory McIlroy got his title defence back on track in the DP World Tour Championship, but admitted he will still need help from elsewhere to claim a fourth victory of the season"
97959,#waynerooney,4.1316117,"Wayne Rooney injured his knee in 'dressing room fall caused by an energy drink' The injury that kept Wayne Rooney out England's friendly with Spain occurred after the attacker slipped on a plastic bottle in the changing room, according to reports. The Times say that the England captain banged his knee in the dressing room after tripping over an energy drink container following the win over Scotland on Saturday night"
97960,#tech,4.1316117,"Snap's youthful founders show no fear in race to IPO Snap, the red-hot messaging company, is seen by many tech investors as the next Facebook or Google, but its youthful founders are pushing far more aggressively than its predecessors in  At a time when it is fashionable in Silicon Valley to stay private as long as possible, Snap is planning an initial public offering valuing it at more than $20bn just two years after it first began to generate revenue, even though it has plenty of cash and ample opportunity to raise more on the private markets"
97961,#brexit,4.1316117,"May's changing vocabulary signals shift from 'hard Brexit' There is a recognisable repetition in Theresa May's speeches about Britain's decision to leave the European Union: ""Brexit means Brexit"", making ""a success of it"" an But a closer look at her speeches suggests her position on key aspects of Brexit has evolved since she took office in the aftermath of the June 23 vote to leave"
97963,#brexit,4.1316117,"Tesco warns global suppliers over price rises Tesco boss Dave Lewis warns global suppliers not to artificially inflate their prices because of the fall in the pound following Brexit.
 
It is his first public comments since supplier Unilever tried to raise the cost of popular items such as Marmite due to a weaker currency"
97964,#isis,1.0000006,Poll: Should penalty points be increased for using a phone while driving? The RSA says increased penalty points have resulted in changes in the behaviour of drivers.  ROAD SAFETY CAMPAIGNERS have called for increased penalty points for drivers caught using their mobile phones
97966,#mosul,4.1316117,"Soldier killed as Iraqi forces advance into Mosul under fire Iraqi troops advanced cautiously into eastern districts of Mosul on Friday, facing stiff resistance from Islamic State militants a day after they paused their assault due to poor visibi Air strikes, automatic fire and artillery were heard from dawn and one soldier was reported killed in clashes"
97967,#law,3.13161111,"Law review after Ched Evans case raises fears over sex attack victims A law relied upon in the acquittal of Ched Evans is to be reviewed by the Government amid concerns it could deter women from reporting attacks, a minister has announced. The Welsh footballer was cleared of raping a 19-year-old woman at a retrial after a five-year battle to clear his name"
97968,#ca,3.13161111,"Volkswagen plans 23,000 job cuts in Germany Car giant Volkswagen announces plans to cut 23,000 jobs in Germany.
 
The company, which is still dealing with the aftermath of the emissions-cheating scandal, is aiming to rejuvenate its core brand, and develop new electric and self-driving cars"
97969,#travel,1.0000006,"Careful on the roads - Met Éireann is forecasting thundery downpours today The country woke up to frost this morning, and the weekend is shaping up to be pretty damn cold. IT’S GOING TO be a cold, wet, windy start to the weekend, with temperatures expected to plummet to -3C tomorrow night"
97970,#mozambique,1.0000006,"Over 20 injured after man allegedly started a fire in Australian bank Incident in Melbourne   left six critically injured while business district has been evacuated      A fire in a Melbourne branch of Commonwealth Bank of Australia on Friday, which police said was allegedly set by a man, injured 27 people, including six critically"
97971,#ca,3.13161111,"Volkswagen to cut 30,000 jobs at VW brand by 2021 - report Europe’s largest carmaker is facing a multi billion euro bill  related to its   emissions scandal    German carmaker Volkswagen and its labour unions have agreed to 30,000 job cuts by 2021 at its VW brand as part of a plan to boost profitability and fund a shift to electric and self-driving cars after its emissions scandal, a source told Reuters on Friday"
97972,#bigdata,3.13161111,"Ireland listed amongst top EU countries for big data investment The vast majority of global corporates have identified Ireland as a possible or likely location for data-driven investment in the next year, new research has found. According to Europe for Big Data, a report produced by William Fry alongside Forbes Insights, 61pc of global companies will look to invest substantially into data over the next year and a half with 96pc of them viewing Ireland as a favourable location"
97973,#uk,4.1316117,Today in the press The Financial Times reports that Germany's finance minister has set out a tough line on EU divorce talks with the UK on issues from tax breaks to exit costs. The move dashes any Downing St hopes that Berlin would soften Europe’s stance on a British departure from the bloc
97974,#sport,4.1316117,"BBC Sport Fifa's disciplinary committee assesses more aspects of England's game against Scotland, including pre-match events.
 
Share this with
Both associations have been charged and it is understood the Football Association has been notified that pre-match events on Armistice Day are also under scrutiny"
97975,#minister,3.13161111,"Sushma Swaraj: Indians offer kidneys to ailing minister Indians offer to donate their kidneys to the foreign minister after she says she needs a transplant.
 
The 64-year-old minister has a history of chronic diabetes and was admitted to a Delhi hospital earlier this month"
97976,#news,1.0000006,"Henry Street lights up with no repeat of crowding seen on Grafton Street Smithfield will be illuminated on Thursday 24 November from 4pm.
 THE LIGHTING OF the Christmas lights on Henry Street went off last night without any problems"
97977,#trump,4.1316117,"Trump victory seen as ‘unambiguously positive’ for US economic growth Billionaire investor Wilbur Ross tipped to become new US commerce secretary    US indices may be in danger of running too far, too fast, judging by Merrill Lynch’s latest monthly fund manager survey"
97978,#jobs,4.1316117,"Volkswagen to shed 30,000 jobs to cut costs after emissions scandal Volkswagen is to shed 30,000 jobs to cut costs as it tries to recover from its diesel emissions scandal. Company officials said at a news conference at headquarters in Wolfsburg, Germany, that 23,000 of the job cuts will come in Germany"
97979,#technology,4.1316117,"Google disappointed by South Korean refusal on mapping data South Korea has rejected a request by Google to use local mapping data in the company's global maps service in a long-awaited ruling which had divided the country for months. The technology giant said it was disappointed by the decision, which the land ministry said was based on concerns over national security"
97980,#climate,1.0000006,"Rescuers search for 13 missing after three die in Turkey mine collapse A search operation is under way to find 13 miners still missing after a copper mine collapsed in south-eastern Turkey.  Rescuers have recovered the bodies of three miners who died when the privately-owned mine near the town of Sirvan, in Siirt province, caved in late on Thursday"
97981,#company,3.13161111,Ardagh moves forward with IPO with SEC filing Glass and metal firm Ardagh has pressed ahead with its plans to float on the stock exchange next year after it filed a registration statement with the Securities and Exchange Commission Financier and chairperson Paul Coulson revealed last month that he intended to press the button on the company's long-awaited initial public offering (IPO) as early as March
97982,#thegrandtour,1.0000006,"Serious concerns over surgeon in Galway hospitals The HSE says serious concerns have been identified regarding a number of procedures carried out by a consultant orthopaedic surgeon, who worked at two public hospitals in Galway. The doctor is no longer employed in Ireland"
97983,#london,3.13161111,"Gold miners lead FTSE 100 lower The London market opens lower, with a fall in the gold price weighing on the shares of mining companies.
 
The benchmark FTSE 100 share index dropped 41"
97985,#auditthevote,1.0000006,"Pre-meetings key to  successful meetings on contentious issues Practices to use during pre-meetings to ensure  smoother process follows on the big day    Have you ever planned and held a meeting, confident that people would see a new project or strategy your way, only to be met with resistance or confusion? Luckily, there is a tool for avoiding this: the pre-meeting"
97986,#life,3.13161111,"Hope and life bloom in Pacific graveyard of dead coral In a ghost town of dead coral off a remote Pacific island, scientists have found a little more life. In excursions a year ago and then last April, scientists examined the normally-stunning coral reefs around the island of Kiritimati and pronounced it mostly a boneyard of dead coral"
97987,#for,3.13161111,"Wrap up: Cold day ahead with overnight snow in parts Weather outlook: Thunder and wintry showers likely in northern, western areas    Ireland is set for more low temperatures on Friday, with Met Éireann predicting a cold and showery start to the weekend"
97988,#ireland,4.1316117,"'He's coming up to 35, I have to see how long he can last in games': O'Neill on Wes Hoolahan's Ireland role He might be one of the team's older players, but you only need to look at Ireland's recent heroics to know that the Boys in Green need Wes Hoolahan more than ever. The midfield maestro netted Ireland's opening goal at Euro 2016 and assisted key scores for Robbie Brady against Italy and James McClean against Austria last weekend"
97989,#price,3.13161111,Dairy turnaround: World's largest milk processor increases milk price Fonterra the world's largest dairy processor today increased its 2016/17 forecast Farmgate Milk Price by 75 cents to $6.00 per kgMS.
97990,#jobs,4.1316117,"Volkswagen to shed 30,000 jobs to cut costs after emissions scandal Volkswagen is to shed 30,000 jobs to cut costs as it tries to recover from its diesel emissions scandal. Company officials said at a news conference at headquarters in Wolfsburg, Germany, that 23,000 of the job cuts will come in Germany"
97991,#earthquakes,3.13161111,"New Zealand quake: The geological impact of a 'complex' tremor The powerful earthquakes which hit New Zealand were some of the most complex ever recorded, say scientists.
 
"
97992,#uk,4.1316117,"Investment fees: FCA plans shake-up to help investors Investors should be quoted a single ""all-in fee"" so the amount taken in charges from their investment returns is clear, a regulator says.
 
The value of the invested savings and pensions of millions of people in the UK are dependant on asset managers"
97994,#premierleague,4.1316117,Wenger v Mourinho: Previous Premier League meetings Arsene Wenger takes his Arsenal side to face Jose Mourinho's Manchester United at Old Trafford on Saturday. The Gunners boss has never beaten the Portuguese in the Premier League - with Mourinho largely winning the battle between the pair during two spells as Chelsea manager
97995,#sport,4.1316117,"BBC Sport Number eight Billy Vunipola is fit for England's game against Fiji at Twickenham on Saturday.
 
Share this with
Saracens' Vunipola, 24, had been a doubt after suffering a knock in last weekend's win over South Africa"
97996,#jobs,4.1316117,Trump    victory triggers surge in US people seeking jobs in Ireland US searches for jobs in Ireland on recruitment  site Indeed.com rises 91 per cent      Donald Trump’s election victory in the US has triggered a spike in the number of US-based people seeking jobs in Ireland
97997,#news,4.1316117,"Crystal Palace promise show of support after Croydon tram crash Crystal Palace manager Alan Pardew has spoken of his shock and sadness at hearing news of the tram crash in Croydon. Six men and one woman died, including two Palace fans, and over 50 people were injured in the November 9 crash when carriages overturned as the tram turned a sharp bend"
97998,#premierleague,4.1316117,"Premier League rights sold for €660m in China The English Premier League has sold its television rights in China to streaming service PPTV for €660m, a source familiar with the matter has said. A spokesman for PPTV, part of retail group Suning, confirmed a three-year deal that will kick in from the 2019/20 season"
97999,#premierleague,4.1316117,"'Robin Manager' explains China football TV deal to the team The BBC's ""Robin Manager"" (also known as Robin Brant) explains the Premier League's new deal for its TV rights in China.
 
The Premier League has agreed a major new deal for its TV rights in China, which could be worth up to $700m (£560m)"
98000,#world,4.1316117,Political undertones still lurk at World Chess Championships Magnus Carlsen and Sergey Karjakin are engaged in fierce competition in New York    Chess has dropped almost completely from the public eye in the four decades since Bobby Fischer and Boris Spassky waged their Cold War proxy battle in Reykjavik
98001,#climate,1.0000006,J1 Visa programme: The do’s and don’ts Top pieces of advice you should read before heading off for the summer of a lifetime    University students across the Republic have started applying for J1 visas to spend next summer living and working on the other side of the Atlantic
98002,#tcot,1.0000006,"Work and Play: Why you should give the J1 programme  a go Ireland consistently receives the fifth highest number of J1 visas with some 10,000  students going stateside every year    If you ask most people, sleeping six, seven or eight bodies in a studio apartment sounds like a nightmare"
98003,#climate,1.0000006,"Parents’ Guide: When your children fly the coop to work abroad What are the major factors you should consider when your children want to work abroad    Thousands of Irish students will start applying for their J1 visa this month, preparing for three months of American freedom and fun, peppered with hard work and life lessons"
98004,#england,3.13161111,Jack Butland edging closer to Stoke return but could face selection battle England goalkeeper Jack Butland is nearing a return to the Stoke squad following an eight-month injury absence.  Butland has not featured for the Potters since March after suffering a fractured ankle during England's 3-2 friendly win in Germany
98005,#breaking,4.1316117,"Johnny Sexton or Beauden Barrett? - Some big names miss out in combined Ireland/All Blacks XV We are one day away from one of the most eagerly anticipated rematches in years, with the All Blacks visiting the Aviva Stadium still hurting from their first ever loss to Ireland two w Joe Schmidt drew up a masterful game plan, superbly executed by the players, that outfoxed Steve Hansen and his record-breaking side who had previously won an unprecedented 18 straight test matches"
98006,#news,1.0000006,"Inquiry told HSE review of doctor's care completed A Medical Council inquiry has heard that the Health Service Executive has completed an external review into the care by Cavan consultant obstetrician, Dr Salah Aziz, of one of three women at the centre of the inquiry. Dr Aziz is facing allegations of professional misconduct and poor professional performance relating to events between November 2012 and April 2014 at Cavan General Hospital"
98007,#news,1.0000006,"Draghi: Banking regulation should not be reversed The global banking sector needs to be well regulated and measures already decided should not be rolled back, European Central Bank President Mario Draghi has said. Bank regulation needs to enter a period of stability and there is no need to redesign the rules, Mr Draghi told a conference, arguing that excessive deregulation was the chief cause of the global financial crisis"
98008,#sex,3.13161111,"These are the worst examples of writing about sex this year Last year’s winner was former Smiths frontman Morrissey. SIX BOOKS, INCLUDING one written by a former Blue Peter presenter, have been nominated as containing the worst descriptions of sex in the literary world"
98009,#worldnews,1.0000006,Boost for Irish exporters as Sterling rises for third week Gains lead to speculation that currency’s post-Brexit slump may be over    There was a boost for Irish exporters as Sterling extended this week’s two-month highs against the euro on Friday and held its ground against a broadly stronger dollar
98010,#yellowstone,3.13161111,"Man’s body ‘dissolved’ by Yellowstone hot spring after seeking place to swim Colin Scott was hiking through a prohibited section of the park with his sister when he fell      An Oregon man who died and “dissolved” after falling into a boiling, acidic hot spring at Yellowstone National Park last June, had been looking for a place to swim, officials investigating the incident have concluded"
98011,#swansea,3.13161111,Swansea boss Bob Bradley rues loss of Ashley Williams' leadership qualities Swansea come up against former skipper Ashley Williams for the first time on Saturday with Bob Bradley admitting they miss the leadership qualities of the Wales captain. Swans boss Bradley was still at French club Le Havre in the summer when centre-half Williams chose to end his eight-year stay in south Wales and head to Everton
98012,#trump,4.1316117,"Obama meets key Europe leaders amid worries over next US president Trump US president Barack Obama has joined European leaders to discuss security and economic challenges as President-elect Donald Trump prepares to take office. The meeting in Berlin with the leaders of Germany, Britain, France, Italy and Spain was likely his last in such a setting before he leaves office"
98013,#book,3.13161111,"Emma Watson-inspired book-sharing drive stumbles in China Can an Emma Watson-inspired book-sharing drive in China succeed where few people have time to read books?
 
The Fair, a content production company based in Beijing, kick-started ""the book-dropping battle"" campaign on Tuesday in major cities"
98015,#news,4.1316117,"'More power': Clarkson's new show bigger, louder and loved by viewers The first episode began with a reference to Clarkson’s controversial BBC departure, which sparked the beginning of this show. BBC’S TOP GEAR was famed for its high-octane tests, it’s exotic adventures abroad, the interactions between the three co-hosts and frankly – because there was no other show like it on television"
98016,#mozambique,4.1316117,"President vows to aid victims of Mozambique tanker blast The Mozambican president has pledged support for the families of 73 people, including children, who were killed when a fuel tanker exploded. President Filipe Nyusi said ""tragedy has knocked on our door once again"" in Tete province, in northern Mozambique, where the accident happened on Thursday"
98017,#london,3.13161111,"Two men receive banning orders after crowd trouble at the London Stadium Two men have been given football banning orders for their part in the crowd trouble that marred West Ham's 2-1 EFL Cup win over Chelsea at the London Stadium last month. Chelsea supporter Michael Parker, 51, received a five-year banning order after he was charged with threatening behaviour and 27-year-old West Ham fan Nicholas Greenway was given a three-year banning order for throwing a missile in the ground"
98018,#uk,4.1316117,"PTSB completes sale of UK loan book to Cerberus Permanent TSB has completed the sale of its remaining loan book in the UK to an affiliate of Cerberus Capital Management. The deal, confirmed on 27 October, sees loan assets worth around £2"
98019,#sport,4.1316117,"BBC Sport Gareth Southgate will have an interview for the England job with Football Association officials on Monday.
 
Share this with
Southgate completed an unbeaten four-game spell as interim manager after the departure of Sam Allardyce with a 2-2 draw with Spain on Tuesday"
98020,#sport,4.1316117,"BBC Sport India take firm control of the second Test as England's top-order fail on the second evening in Visakhapatnam.
 
Share this with
On a pitch showing low bounce and some turn, the tourists slumped to 103-5, still 352 behind"
98025,#r,2.34635144,"Tesco CEO: Supplier increases should be justified Tesco's boss has taken aim at global suppliers for considering price increases in order to prop up profits in the wake of the pound's collapse. It is the first time that Chief Executive David Lewis has spoken publicly since Tesco's spat with Unilever last month, when the supermarket reportedly refused to bow to a 10% wholesale price rise to offset a drop in sterling"
98027,#sport,1.0000006,"Spinal patients offered independent reviews after ""serious concerns"" raised about surgeon An external audit was ordered into cases handled by an orthopaedic surgeon between January 2013 and November 2014 FOUR SPINAL SURGERY patients have been affected, after significant concerns were raised regarding the conduct of an orthopaedic surgeon who practised in two public hospitals in Galway"
98029,#rt,4.1316117,"Andy Woodward’s harrowing story must be a call to arms Former pros revelations of sufferinf sexual abuse while at Crewe should be a watershed    In some ways it should not come as a shock, given the horrific stories that have already poured forth from the media, showbusiness and music industries about institutionalised abuse of children in the 1970s, 1980s and early 1990s"
98030,#trump,4.1316117,"Obama meets key Europe leaders amid worries over next US president Donald Trump US president Barack Obama has joined European leaders to discuss security and economic challenges as President-elect Donald Trump prepares to take office. The meeting in Berlin with the leaders of Germany, Britain, France, Italy and Spain was likely his last in such a setting before he leaves office"
98031,#stronger,4.1316117,CRC plan aims to create stronger organisation The Central Remedial Clinic has launched a new five-year strategic plan aimed at creating a stronger organisation with higher standards. The organisation was embroiled in one of the worst controversies to hit the charity sector when it emerged in late 2013 that public donations were used to top up salaries of senior executives
98032,#sport,4.1316117,"Mayor confirms London transport fares freeze until 2020 London mayor Sadiq Khan confirms fares across the Transport for London (TfL) network will be frozen from January 2017 until 2020.
 
The fares freeze was a significant promise made by Mr Khan during this year's mayoral election race"
98033,#nato,3.13161111,"Turkey failed coup: Officers 'seeking Nato asylum' Some Turkish officers posted to Nato have sought asylum since the failed military coup, Nato says.
 
Jens Stoltenberg said the officers had requested asylum in the countries where they had been posted but gave no names, numbers or reasons for the requests"
98034,#muslims,3.13161111,"Ireland’s National Party in favour of racial profiling, says leader  Justin Barrett says there needs to be complete ban on Muslims coming into the country    The new National Party is in favour of racial profiling and says there needs to be a complete ban on Muslims coming into Ireland"
98035,#new,4.1316117,"Shamrock Rovers announce four new signings Roberto Lopes, Ryan Connolly, Paul Corry and Daniel Devine all join the Tallaght side    Shamrock Rovers have confirmed the arrival of four new players for next season"
98036,#news,4.1316117,Several people injured after train hits milk truck and derailed in the Netherlands Several people have been injured after a train hit a milk truck and derailed in the Netherlands on Friday morning. Dutch news agency ANP have reported that the crash occurred in the northern part of the country
98037,#waynerooney,4.1316117,"'That's the type of Irish-origin family he comes from': Football agent claims Irish background to blame for Rooney's behaviour A Football agent quoted by The Sun newspaper says that Wayne Rooney's Irish roots played a part in his recent drinking controversy. The England captain issued an apology after a late night celebration at the team hotel last weekend spilled over into a wedding reception on the premises, with his Man United manager Jose Mourihno reportedly furious over the incident"
98038,#climate,1.0000006,365 migrants drown crossing Mediterranean At least 365 migrants and refugees have drowned in the past three days in the Mediterranean in six incidents. The International Organization for Migration said the deaths make this November already six more times more deadly than the same month a year ago
98039,#ireland,1.0000006,"Snake marriage story fake, Malaysian fireman says A Malaysian fireman widely reported as having wed a snake says he is saddened by the 'fake' story.
 
Abu Zarin Hussin trains other firefighters in the state of Pahang on how to catch and handle snakes"
98041,#news,1.0000006,"DJ Mark Goodier 'recovering well' after stroke Disc jockey Mark Goodier is said to be ""recovering quite well"" after having a stroke at the beginning of November.
 
A spokesman for his Wisebuddah company said there had been no complications and that the 55-year-old hoped to be back at work before the end of 2016"
98044,#climate,1.0000006,'She was a lovely person': Tributes to Mayo woman who died after becoming ill on flight The 30-year-old woman was on a flight home from a holiday with her fiancé. TRIBUTES HAVE BEEN flooding in for a 30-year-old Mayo woman who died after becoming ill on a flight from Cape Town
98045,#harambe,3.13161111,"Harambe: Cincinnati Zoo barrier not up to standard on day gorilla shot dead, federal investigators find The enclosure separating Harambe the gorilla from the public was not in compliance with safety standards on the day a 3-year-old boy slipped into his exhibit, leading zoo keepers to sho A federal inspection report states Cincinatti Zoo's barrier keeping the public and gorillas separate did not comply with standards for housing primates"
98046,#woman,3.13161111,US students form protective wall around praying Muslim classmates Hundreds of students at Michigan University formed a circle around their Muslim classmates so they could pray safely after a woman wearing a headscarf was threatened. The action was verbally assaulted by a man for wearing the hijab
98047,#news,1.0000006,"Cork man charged with killing friend A 44-year-old man has been before the district court charged with the manslaughter of his friend at his friend's home in Cork last April. Trevor O'Gorman, of Sarahville Place, Pouladuff Road in Cork, was arrested by investigating gardaí this morning and charged with unlawfully killing 41-year-old Diarmuid Byrne"
98048,#travel,4.1316117,"Airbnb offers travel services in push to diversify Airbnb has launched a new programme called 'Trips' to transform itself into a travel company, marking the most significant expansion since the company was founded eight years ago. Chief Executive Brian Chesky kicked off a three-day event in Los Angeles with the announcement that Airbnb would offer travellers the opportunity to create customised itineraries for hours or days that afford a more authentic local experience"
98049,#climate,1.0000006,"Buckingham Palace to get £369m refurbishment Buckingham Place is to undergo a 10-year refurbishment costing £369m, the Royal Household announces.
 
The Queen will remain in residence during the work, to begin next April"
98050,#news,4.1316117,"Maltesers pouches have 'lost weight' according to one food retail expert Exclusive music news, big interviews, entertainment, social media trends and video from the news people at BBC Radio 1 and 1Xtra.
 
If the missing Toblerone triangles story made you angry, then wait until you hear about the shrinking weight of Maltesers' pouches"
98051,#brexit,4.1316117,"Carwyn Jones on Brexit: Full trade deal unlikely before UK leaves EU The UK is unlikely to get a full trade deal with the EU before it leaves the union, the first minister warns.
 
Carwyn Jones told AMs ""transitional arrangements"" would be needed to avoid trade ""falling off a cliff"""
98052,#sport,1.0000006,"Second win over the All Blacks would lift Ireland to thrilling heights ‘The likes of Drico, ROG, Paul, Hayes; all those lads have been through those hard days.’ "
98053,#premierleague,4.1316117,"Ronald Koeman predicts strong Everton reaction to thrashing at Chelsea Everton boss Ronald Koeman feels the ""unacceptable"" performance at Chelsea was a major step in the wrong direction for his side but he expects a positive reaction against Swan After the Toffees ended a four-match winless run in the Premier League by beating West Ham 2-0 at home, they were brought back down to earth in their last outing as they crashed to a 5-0 loss at Stamford Bridge"
98054,#premierleague,4.1316117,"Hull boss Mike Phelan holds no grudges with Sunderland counterpart David Moyes Hull boss Mike Phelan says he has no point to prove to Sunderland counterpart David Moyes on Saturday when the two Premier League sides meet at the Stadium of Light. Moyes opted not to retain Phelan as a coach when he took over from Sir Alex Ferguson at Manchester United in 2013, so ending the Hull manager's 18-year stay at Old Trafford"
98055,#new,4.1316117,"Rashford poses threat to Arsenal but Wenger's men know all about him this time Marcus Rashford is in line to start for Manchester United when they welcome Arsenal to Old Trafford on Saturday - but this time Gunners boss Arsene Wenger will know all about the Englan The 19-year-old burst onto the scene in February, hitting a brace in United's 3-2 win over Wenger's side just days after scoring twice on his first-team debut against FC Midtjylland"
98056,#netherlands,3.13161111,"Several hurt as train hits truck in Netherlands Several people were injured when a train derailed after smashing into a milk truck in the northeastern Netherlands this morning, according to police. The milk truck was leaving a farm in Winsum and ""was probably driving over an unguarded railway crossing when it was hit by an oncoming train,"" Groningen police said on their Twitter account"
98057,#brexit,4.1316117,"Scots and Welsh can have say in Brexit court case The Scottish and Welsh governments are to be allowed to intervene in Supreme Court battle over how Brexit is triggered.
 
The government's appeal against the High Court ruling that MPs must vote on triggering Brexit will be heard in the Supreme Court from 5 December"
98058,#us,3.13161111,Eir could face hefty fines for discriminating against rival telcos State’s largest telecoms firm falls foul of  regulator for acting in   anti-competitive manner     Eir could be facing multi million euro fines for acting in an anti-competitive manner towards rivals that use its network
98059,#climate,1.0000006,‘Serious concern’ about work of Galway surgeon Independent audit finds concerns about spinal surgery carried out on four patients     Serious concerns about the work of an orthopaedic surgeon who worked at Galway University Hospitals have been raised in an independent audit
98060,#home,3.13161111,Man remanded on bail after being charged with manslaughter of friend Deceased died instantly after shooting incident at his family home in Cork city earlier this year    A man has been remanded on bail after he was charged with the manslaughter of a close friend in a shooting incident in Cork city earlier this year
98061,#tcot,1.0000006,"Bullet passed through Jo Cox's hand as she tried to defend herself, court hears Jo Cox tried to shield her face with her hands as her killer shot her in the head, a court has heard. The 41-year-old Batley and Spen MP received 15 stab wounds and was shot three times when she was set upon outside her constituency surgery in Birstall, near Leeds, days before the EU referendum"
98062,#news,1.0000006,"Sgt Emile Cilliers denies wife's attempted parachute murder An army sergeant accused of tampering with his wife's parachute denies two counts of attempted murder.
 
Victoria Cilliers, 40, suffered ""multiple serious injuries"" during a 4,000ft (1"
98063,#socialmedia,4.1316117,This week we’re talking about …. fakebook Fake news spreading on social media might be a lot more dangerous than you think    Many of us guilty of it: a link to a news story pops up in our Facebook or Twitter feeds and we click “share” to pass it on to our followers without really reading what it says
98064,#premierleague,4.1316117,"Crystal Palace boss Alan Pardew plans to prolong Manchester City's recent lapse Crystal Palace manager Alan Pardew is hoping to put a dent in Manchester City's title hopes when the sides meet at Selhurst Park. After a strong start to the season, City have dropped to third in the Premier League table with only one win in their last five matches - but despite the lapse, the Eagles' boss believes Pep Guardiola's men have what it takes to win the league"
98065,#brexit,4.1316117,"Scotland and Wales allowed to intervene in Brexit Both the Scottish and Welsh Governments are to be allowed to intervene in a court battle over how the Brexit process should be formally triggered, the Supreme Court has announced. The British government is appealing against a High Court ruling that Prime Minister Theresa May must seek MPs' approval to trigger the process of taking Britain out of the European Union"
98066,#tcot,1.0000006,"Jo Cox tried to shield face during shooting, jury hears MP Jo Cox tried to shield her face with her hands as her killer shot her in the head, a jury hears.
 
The 41-year-old Batley and Spen MP received 15 stab wounds and was shot three times in Birstall, West Yorkshire, on 16 June"
98067,#sport,4.1316117,"BBC Sport Southampton are able to thrive despite selling their best players and losing two managers in three years - find out how.
 
Share this with
Yet despite selling more than £185m worth of players, and losing two managers and a chief executive in the past three years, Southampton remain upwardly mobile"
98068,#museum,3.13161111,"Ancient Egypt crocodile surprise at Dutch museum New 3D scan of Egyptian crocodile mummy shows dozens of baby reptiles inside.
 
The 3m-long mummy has been at the National Museum of Antiquities in Leiden since 1828 and is on display in its Egyptian galleries"
98070,#don,3.13161111,"Reselection fear behind boundary change bill, says Tory MP Labour MPs fear plans to cut constituencies because they don't want to lose their seats to Momentum candidates, a Tory MP claims.
 
Labour's Pat Glass's bill aims to retain 650 MPs as an alternative to the government's move towards 600"
98071,#brexit,4.1316117,"UK housebuilders find lenders more cautious after Brexit vote British property was the hardest hit sector immediately after the referendum    UK housebuilders, particularly those operating in central London, are finding lenders are giving out less finance for new projects since Britain’s vote to leave the European Union, according to a report by property consultant Knight Frank"
98072,#new,4.1316117,Wenger well aware of the threat posed by Marcus Rashford The Manchester United striker scored a brace in their win over Arsenal last season    Marcus Rashford is in line to start for Manchester United when they welcome Arsenal to Old Trafford on Saturday — but this time Gunners boss Arsene Wenger will know all about the England forward
98073,#ireland,4.1316117,"IOC will not pay €410,000  bond to allow Pat Hickey leave Brazil International Olympic Council decision follows similar stance by Olympic Council of Ireland    The International Olympic Committee (IOC) has become the latest organisation to say it will not pay the €410,000 bond that its former president Pat Hickey is required to lodge in court to be allowed to leave Brazil on medical grounds"
98074,#donaldtrump,4.1316117,"Trump election: Jeff Sessions tapped for top law job US President-elect Donald Trump offers Republican Senator Jeff Sessions the job of attorney general.
 
Senator Sessions, a former prosecutor elected to the Senate in 1996, has been one of Mr Trump's closest allies throughout the campaign"
98075,#news,4.1316117,"Israel Chief Rabbi Amar condemned for 'gay death penalty' comment A top rabbi in Jerusalem is rebuked after saying Jewish law prescribed the death penalty for gays.
 
Sephardi Chief Rabbi Shlomo Amar told Israel Hayom newspaper homosexuality was a ""cult of abomination"", which the Torah ""punishes"
98076,#kaikoura,3.13161111,"'Junk food' plane lifts spirits in quake-hit NZ town A NZ plasterer fills a plane with take-away burgers and pizzas for residents of quake-hit Kaikoura.
 
Robert Coombes, 49, gathered donations, filled a friend's aircraft and landed in Kaikoura for lunchtime on Friday"
98077,#environment,3.13161111,"Bagged salad is Salmonella risk, study finds Bagged salad can fuel the growth of food-poisoning bugs like Salmonella and make them more dangerous, a study says.
 
University of Leicester scientists said the moist environment combined with nutrients leaching out of chopped leaves created the perfect breeding ground for bacteria"
98078,#brexit,4.1316117,"‘Punitive’ tax code may see Ireland bypassed after Brexit Small Firms’ Association chairman claims State may miss out on Brexit exodus    Ireland may lose out in the race to attract UK businesses here in the wake of Brexit because of the “punitive” tax system, the head of the Small Firms’ Association (SFA) has claimed"
98079,#brexit,4.1316117,Northern Ireland Brexit challenge referred to supreme court  Raymond McCord claims UK cannot leave EU without consent of people in North    A victims campaigner’s claim that the United Kingdom cannot quit the European Union without the consent of the people of Northern Ireland is to go before the supreme court in London
98080,#european,3.13161111,"Juncker ‘threatens to quit’ over future of Martin Schulz Commission president resisting moves to force out  head of parliament, says report    European Commission president Jean-Claude Juncker has reportedly threatened to resign unless Martin Schulz is allowed stay on as European Parliament president, beyond the 2½-year term he agreed to in 2014"
98081,#premierleague,4.1316117,Jay Rodriguez urges Southampton to develop ruthless streak in front of goal Jay Rodriguez has echoed boss Claude Puel's call for Southampton to become more ruthless in front of goal. The Saints host Liverpool on Saturday having lost their past two Premier League fixtures largely because of their wastefulness in the final third
98082,#hillary,1.0000006,"This is no drill. Rhino with toothache proves unusual call-out for firefighters A crew of firefighters have answered one of their strangest ever calls - helping vets treat a two-tonne rhinoceros with toothache. The team, who are more used to overseeing the lifting of heavy vehicles or debris from collapsed buildings, were brought in to Edinburgh Zoo to help move the massive animal before an operation could take place"
98083,#rugby,3.13161111,"Honest opinion and insightful analysis: Luke Fitzgerald launches 'The Left Wing', Independent.ie's new rugby show To mark the launch of Luke Fitzgerald's brand new rugby show on Independent.ie every Monday, we are giving away a pair of tickets to tomorrow's mouthwatering rematch between Ireland and The Left Wing will feature Luke's unique blend of analysis and opinion as he takes you inside the game to give an honest and informed assessment of the performance of the Ireland team and the four provinces"
98084,#health,4.1316117,'Resistance to antibiotics could become a bigger public health issue than cancer' Are farmers to blame? Farmers are being told that antibiotics are an important resource for the agriculture industry but must be used wisely if they are to remain effective. 
98085,#health,4.1316117,Serious breaches of regulations at Sligo facility A HIQA inspection of a HSE-run residential centre for people with disabilities has found commodes were stored in occupied twin bedrooms and that one resident had not left the building for two months. The Health Information and Quality Authority criticises the HSE for failing in its statutory duty to carry out an unannounced visit to the Glenbow facility in Co Sligo
98086,#brexit,1.0000006,"Australia echidnas: Sydney zoo celebrates first puggle births in decades Sydney's Taronga Zoo celebrates its first baby echidnas, or puggles as they are known, in decades.
 
The three babies hatched from their eggs in August but keepers wanted to see them grow before going public"
98087,#mosul,4.1316117,"Mosul: Satellite images reveal city damage Satellite images reveal damage to Mosul's infrastructure and archaeological sites as Iraqi forces close in.
 
The imagery, released by US geopolitical intelligence company Stratfor, shows how the jihadists have destroyed mosques, government buildings and historical areas"
98088,#newyork,4.1316117,"David Hockney's Woldgate Woods sells for £9.4m at auction A painting by David Hockney sells for $11.7m (£9.4m) at an auction in New York.
 
The Woldgate Woods landscape depicts trees near Bridlington, East Yorkshire"
98089,#ireland,4.1316117,Golden Discs is moving into 80 Tesco stores · TheJournal.ie Golden Discs currently operates 14 stores around Ireland and employs over 150 people. GOLDEN DISCS CONCESSIONS will move into more than half of Tesco’s Ireland stores
98090,#uk,4.1316117,"Aviva to  become full-fledged subsidiary of UK parent once again Company chief says it has gone from one of the weakest balance sheets to strongest    British insurer Aviva is planning to change its legal structure in Ireland to once again become a full-fledged subsidiary of its UK parent, its global chief executive Mark Wilson has said"
98091,#news,4.1316117,"Trump asks senator Jeff Sessions to be US attorney general Controversial general Michael Flynn set to be installed in national security adviser post    US president-elect Donald Trump has offered Republican senator Jeff Sessions the job of US attorney general, CBS News and Bloomberg reported on Friday"
98092,#highschoolmusical,1.0000006,School rushed to hospital after teen girl fell 15ft from school balcony A pupil has been taken to hospital after falling 15ft from a balcony at school. The 15-year-old girl is being treated at Edinburgh Royal Infirmary following the incident at Gracemount High School in the city on Friday morning
98093,#trump,1.0000006,"Dozens of Indians call hospital to donate kidneys to foreign minister  Sushma Swaraj is being treated for kidney failure.  DOZENS OF PEOPLE in India have been calling the hospital treating their foreign minister for kidney failure, offering to donate their own organs to save her"
98094,#rates,4.1316117,Draghi warns against giving Central Bank powers to cap mortgage rates Fianna Fail introduced the Bill in May when it passed through the Dail without a vote    The European Central Bank has warned that a Fianna Fail bill aimed at giving the Central Bank powers to limit variable mortgage rates would further hit competition and may force banks to push up borrowers’ costs for other types of loans
98095,#kaikoura,3.13161111,"Aid convoy reaches quake-hit New Zealand town as damage bill mounts Military trucks reach Kaikoura five days after  community was  cut off by huge landslides      A convoy of 27 military trucks reached the quake-stricken New Zealand town of Kaikoura on Friday, five days after the seaside community was completely cut off by huge landslides caused by a 7"
98096,#games,3.13161111,"Golden Discs to have presence in Tesco stores Golden Discs is to supply music, movies and games to 80 Tesco Ireland stores under a new arrangement with the retailer. The three-year deal will see Golden Discs concessions open in 80 of the 148 Tesco stores in Ireland from today"
98097,#trump,4.1316117,"Trump is coming If you are thinking about doing the Mannequin Challenge, then think again because social media has already moved on to #TrumpIsComing.
 
Anyone who is anyone has been there - even us - done it and moved on to the next thing: the #TrumpIsComing Challenge"
98098,#climate,1.0000006,"The 'right to be forgotten' and consent education: The gaps in Ireland's protection of children The right to play, giving more powers to gardaí, and the abolition of direct provision centres were also contained in the report. A REPORT HAS recommended over 100 changes the government should make to safeguard children – including changing the law so that children’s information can be removed from the Internet (‘right to be forgotten’), and ensuring children’s right to play"
98102,#new,4.1316117,Manchester United v Arsenal past meetings Arsene Wenger will take his Arsenal side to Manchester United looking to gain three points to sustain another assault on the Premier League title .  The fixture has seen many battles on and off the pitch with the result usually having a bearing on who becomes champions of England
98103,#tpp,1.0000006,"365 migrants 'dead or missing' after Mediterranean shipwrecks The UN's migration watcher has said it now believes 365 people are dead or missing from Mediterranean shipwrecks in recent days. Leonard Doyle of the International Organisation for Migration (IOM), a related organisation to the UN, says there is ""a calamity in plain sight"""
98104,#islamicstate,3.13161111,"German teenager accused of editing Islamic State propaganda An 18-year-old has been charged in Germany with supporting a terrorist organisation by translating Islamic State propaganda and correcting errors. Federal German prosecutors said Mikail S, a German citizen, faces nine counts of supporting the Islamic State group"
98105,#nigeria,3.13161111,"Suicide attackers leave civilians dead in Nigeria city attacks Suicide bombers have attacked a checkpoint and bustling bus station in a Nigerian city, with four of them killed as well as two civilian defence fighters. It was the fifth attack in three weeks on the north-east city of Maiduguri, the birthplace of Nigeria's homegrown Islamic extremist group, Boko Haram"
98106,#aleppo,4.1316117,"Seven from same family killed amid Aleppo bombardment in Syria Intensive bombing has hit rebel-held eastern areas of the city of Aleppo in Syria, hitting an area housing hospitals and reportedly killing seven members of the same family. The chief of a paediatrics clinic was engaged in a frantic search for a place to move his young patients"
98107,#cancer,3.13161111,Black Eyed Peas rapper Taboo reveals cancer battle Taboo of the Black Eyed Peas has opened up about his recent battle with testicular cancer. The 41-year-old rapper says he went to an emergency department in 2014 with pain throughout his body after a show and found out that he had stage two testicular cancer
98108,#trump,1.0000006,"Two men who 'laughed and joked' while eating stolen pizzas after killing Pizza Hut driver jailed for 22 years Two men who killed a Pizza Hut delivery driver then ""laughed and joked"" as they ate the stolen pizzas have been jailed for a total of 22 years. Deliveryman Ali Qasemi was lured to a false address, floored with a single punch then his two assailants stole their takeaway order of three pizzas, costing just over £50"
98109,#somme,3.13161111,"Thousands mark end of Battle of the Somme with sombre silence Up to 2,000 guests fell silent to remember the fallen at a service in France marking the 100th anniversary of the final day of the Battle of the Somme. The British and French national anthems were sung at the Thiepval Memorial to the Missing heralding the end of the bloody four-and-a-half month offensive which started on July 1 1916"
98110,#space,3.13161111,"Space junk a huge environmental challenge, expert warns Metal and plastic junk hurtling round the Earth at more than 20 times the speed of sound presents one of the greatest environmental challenges facing humanity, a leading British expert  Dr Hugh Lewis believes the growing problem to be a threat to future generations' hopes of living and working in space"
98112,#indveng,1.0000006,"Two jailed for Ali Qasemi pizza delivery killing Two men are jailed for killing a takeaway delivery driver in a ""snatch and grab"" robbery for three pizzas worth £50.
 
Pizza Hut worker Ali Qasemi, 45, died in May, two days after he was punched and left dying on the pavement in Peterborough"
98119,#news,1.0000006,"'I want to be frozen and revived in the future' Chrissie de Rivaz from Cornwall has told the Victoria Derbyshire programme why she is paying more than £28,000 to have her body cryogenically frozen.
 
Chrissie de Rivaz from Cornwall has told the Victoria Derbyshire programme why she has decided to have her body cryogenically frozen"
98125,#tpp,1.0000006,"Bradford puppy farm dumped dead dogs in wheelbarrow A puppy farm selling dogs for £300 was keeping the animals in squalor and dumping dead ones in a wheelbarrow, a court hears.
 
Bernadette Nunney and John Wilcock advertised their puppies as being raised in a family home"
98898,#ireland,4.1316117,"Your crash course in... The factors that are shaping Ireland's sugar tax The measure won’t be introduced until at least 2018, but here is what it looks like around the world. IN AN EFFORT to help tackle Ireland’s obesity problem, the government announced a tax on sugary soft drinks as part of Budget 2017"
98929,#movie,1.0000006,"Swooning, yelling, and spitting blood - a sneak peak inside an exorcism school in Latin America Manuel Acuna’s 35 students pay just under €45 a month for his three-year, part-time course. MANUEL ACUNA SPRINKLES holy water and waves his crucifix, then lays his hand on the sweating, shrieking woman before him"